,time,ll,n_component,DB,method
0,7.126919984817505,-11.595296347428391,10.0,PBMC_1k,CITE-sort
1,7.169904470443726,-11.011866862133289,11.0,PBMC_1k,CITE-sort
2,6.501286268234253,-11.595296347428391,10.0,PBMC_1k,CITE-sort
3,6.519277572631836,-11.629320053052382,10.0,PBMC_1k,CITE-sort
4,6.452306270599365,-12.319758924800478,9.0,PBMC_1k,CITE-sort
5,6.9830121994018555,-11.73632943950538,10.0,PBMC_1k,CITE-sort
6,6.7821266651153564,-12.319758924800478,9.0,PBMC_1k,CITE-sort
7,6.54626202583313,-11.73632943950538,10.0,PBMC_1k,CITE-sort
8,6.8560850620269775,-11.73632943950538,10.0,PBMC_1k,CITE-sort
9,6.662195682525635,-12.319758924800478,9.0,PBMC_1k,CITE-sort
0,6.587217807769775,-17.140941651826182,4.0,PBMC_1k,GMM
1,5.890617609024048,-17.059280976259892,4.0,PBMC_1k,GMM
2,6.10949182510376,-17.106031776612685,4.0,PBMC_1k,GMM
3,5.937591314315796,-16.582158231213626,5.0,PBMC_1k,GMM
4,6.394338369369507,-17.140941651826182,4.0,PBMC_1k,GMM
5,6.005538702011108,-17.106031776612685,4.0,PBMC_1k,GMM
6,6.512260913848877,-15.174585542784197,7.0,PBMC_1k,GMM
7,6.381338357925415,-16.14805683403237,5.0,PBMC_1k,GMM
8,5.929594278335571,-16.163219553315656,5.0,PBMC_1k,GMM
9,6.02553915977478,-17.10511391549158,4.0,PBMC_1k,GMM
0,0.05996561050415039,-14.088582148687417,10.0,PBMC_1k,GMM_fixk
1,0.08894848823547363,-13.41499493553318,11.0,PBMC_1k,GMM_fixk
2,0.03797769546508789,-13.540707534411622,10.0,PBMC_1k,GMM_fixk
3,0.07995438575744629,-13.850122640730694,10.0,PBMC_1k,GMM_fixk
4,0.032981157302856445,-14.322336721328481,9.0,PBMC_1k,GMM_fixk
5,0.043974876403808594,-13.958332357223027,10.0,PBMC_1k,GMM_fixk
6,0.07495713233947754,-14.111789277986022,9.0,PBMC_1k,GMM_fixk
7,0.04097485542297363,-14.064216918680327,10.0,PBMC_1k,GMM_fixk
8,0.0439755916595459,-13.776412026253446,10.0,PBMC_1k,GMM_fixk
9,0.03797793388366699,-13.804259594360275,9.0,PBMC_1k,GMM_fixk
0,1.9418880939483643,-16.391776859648125,21.0,PBMC_1k,nGMM
1,1.7360057830810547,-17.017084083201127,17.0,PBMC_1k,nGMM
2,1.7729849815368652,-16.82115726746788,18.0,PBMC_1k,nGMM
3,1.7459995746612549,-16.76203681311147,19.0,PBMC_1k,nGMM
4,1.9488842487335205,-17.389385051589162,15.0,PBMC_1k,nGMM
5,1.8409459590911865,-16.74670537154237,21.0,PBMC_1k,nGMM
6,1.8669307231903076,-16.147770612554257,24.0,PBMC_1k,nGMM
7,1.8069655895233154,-16.94872309211664,18.0,PBMC_1k,nGMM
8,1.8809239864349365,-17.244953751785008,17.0,PBMC_1k,nGMM
9,1.9099071025848389,-16.986451147967987,17.0,PBMC_1k,nGMM
0,0.0159912109375,-18.676332923006573,10.0,PBMC_1k,nGMM_fixk
1,0.016989946365356445,-18.419379500351987,11.0,PBMC_1k,nGMM_fixk
2,0.01699066162109375,-18.6721788347362,10.0,PBMC_1k,nGMM_fixk
3,0.01899862289428711,-18.937733836680852,10.0,PBMC_1k,nGMM_fixk
4,0.0199892520904541,-19.050810720422405,9.0,PBMC_1k,nGMM_fixk
5,0.01898956298828125,-18.78758349587411,10.0,PBMC_1k,nGMM_fixk
6,0.01299285888671875,-19.648878098092986,9.0,PBMC_1k,nGMM_fixk
7,0.014991521835327148,-18.680480444565013,10.0,PBMC_1k,nGMM_fixk
8,0.013991594314575195,-18.70135380257122,10.0,PBMC_1k,nGMM_fixk
9,0.008994340896606445,-19.010671457346113,9.0,PBMC_1k,nGMM_fixk
0,0.5646781921386719,-13.607799761585456,50.0,PBMC_1k,dpgmm
1,0.3867809772491455,-13.640822625981155,50.0,PBMC_1k,dpgmm
2,0.30382585525512695,-13.563951990951315,50.0,PBMC_1k,dpgmm
3,0.34279322624206543,-13.69329328968205,50.0,PBMC_1k,dpgmm
4,0.43774843215942383,-13.459885318638806,50.0,PBMC_1k,dpgmm
5,0.21987438201904297,-13.675988952177404,50.0,PBMC_1k,dpgmm
6,0.5296964645385742,-13.716782354231182,50.0,PBMC_1k,dpgmm
7,0.14991450309753418,-13.616409725572016,50.0,PBMC_1k,dpgmm
8,0.2648475170135498,-13.520443398422579,50.0,PBMC_1k,dpgmm
9,0.33780574798583984,-13.558766483095482,50.0,PBMC_1k,dpgmm
0,10.114209651947021,-3.8899679024823515,8.0,PBMC_1k_b,CITE-sort
1,9.929314374923706,-3.8899679024823515,8.0,PBMC_1k_b,CITE-sort
2,9.921319484710693,-3.8899679024823515,8.0,PBMC_1k_b,CITE-sort
3,9.674460411071777,-3.8899679024823515,8.0,PBMC_1k_b,CITE-sort
4,9.697448492050171,-3.8899679024823515,8.0,PBMC_1k_b,CITE-sort
5,9.811382293701172,-3.8899679024823515,8.0,PBMC_1k_b,CITE-sort
6,9.994277238845825,-3.8899679024823515,8.0,PBMC_1k_b,CITE-sort
7,9.762410879135132,-3.8899679024823515,8.0,PBMC_1k_b,CITE-sort
8,9.930314302444458,-3.8899679024823515,8.0,PBMC_1k_b,CITE-sort
9,9.905328750610352,-3.8899679024823515,8.0,PBMC_1k_b,CITE-sort
0,17.497982263565063,-3.857410803360695,10.0,PBMC_1k_b,GMM
1,18.163599729537964,-4.078737114779303,9.0,PBMC_1k_b,GMM
2,16.286674976348877,-5.057414356410817,7.0,PBMC_1k_b,GMM
3,17.917723417282104,-4.432242063109768,8.0,PBMC_1k_b,GMM
4,17.478991985321045,-4.033576647238859,9.0,PBMC_1k_b,GMM
5,18.270538568496704,-4.514995141086516,7.0,PBMC_1k_b,GMM
6,17.49598240852356,-5.035745244930868,7.0,PBMC_1k_b,GMM
7,16.475565433502197,-4.111351115530821,9.0,PBMC_1k_b,GMM
8,18.53538727760315,-3.9977804567218325,9.0,PBMC_1k_b,GMM
9,17.7558331489563,-3.786756768717093,12.0,PBMC_1k_b,GMM
0,0.048970699310302734,-4.249406391322957,8.0,PBMC_1k_b,GMM_fixk
1,0.0299832820892334,-4.278763405710032,8.0,PBMC_1k_b,GMM_fixk
2,0.04897260665893555,-4.197110693176923,8.0,PBMC_1k_b,GMM_fixk
3,0.051970720291137695,-4.130739821809692,8.0,PBMC_1k_b,GMM_fixk
4,0.04897260665893555,-4.286676718538526,8.0,PBMC_1k_b,GMM_fixk
5,0.0279843807220459,-4.246833006190683,8.0,PBMC_1k_b,GMM_fixk
6,0.0459747314453125,-4.250855964037708,8.0,PBMC_1k_b,GMM_fixk
7,0.027984619140625,-4.345332236195747,8.0,PBMC_1k_b,GMM_fixk
8,0.03697919845581055,-4.256822206604944,8.0,PBMC_1k_b,GMM_fixk
9,0.03597855567932129,-4.899120027881217,8.0,PBMC_1k_b,GMM_fixk
0,3.9977121353149414,-4.459123535455444,33.0,PBMC_1k_b,nGMM
1,3.716872215270996,-5.009960395234014,24.0,PBMC_1k_b,nGMM
2,3.637917995452881,-4.437605804271244,30.0,PBMC_1k_b,nGMM
3,3.8797781467437744,-4.61302649284386,27.0,PBMC_1k_b,nGMM
4,4.056677341461182,-4.299643428195814,32.0,PBMC_1k_b,nGMM
5,3.7988243103027344,-4.600914628653415,27.0,PBMC_1k_b,nGMM
6,3.7018799781799316,-4.617832642909012,29.0,PBMC_1k_b,nGMM
7,3.8947696685791016,-4.465719923331148,30.0,PBMC_1k_b,nGMM
8,3.5669586658477783,-4.668268214854305,27.0,PBMC_1k_b,nGMM
9,3.653907299041748,-4.329243028727759,33.0,PBMC_1k_b,nGMM
0,0.0239865779876709,-6.85627287191229,8.0,PBMC_1k_b,nGMM_fixk
1,0.01898932456970215,-6.858093580112152,8.0,PBMC_1k_b,nGMM_fixk
2,0.02398538589477539,-6.858015886140156,8.0,PBMC_1k_b,nGMM_fixk
3,0.018988847732543945,-6.858142104920901,8.0,PBMC_1k_b,nGMM_fixk
4,0.024985551834106445,-6.856269306800974,8.0,PBMC_1k_b,nGMM_fixk
5,0.02298712730407715,-6.788174348841982,8.0,PBMC_1k_b,nGMM_fixk
6,0.02398681640625,-6.856261942823088,8.0,PBMC_1k_b,nGMM_fixk
7,0.012992620468139648,-6.653478604934252,8.0,PBMC_1k_b,nGMM_fixk
8,0.027983427047729492,-6.858467841012181,8.0,PBMC_1k_b,nGMM_fixk
9,0.01898980140686035,-6.858474157989434,8.0,PBMC_1k_b,nGMM_fixk
0,1.0374045372009277,-4.032790733087652,50.0,PBMC_1k_b,dpgmm
1,1.1683309078216553,-3.995996423147343,50.0,PBMC_1k_b,dpgmm
2,0.9604494571685791,-4.014887756711081,50.0,PBMC_1k_b,dpgmm
3,1.4381763935089111,-3.996255332722274,50.0,PBMC_1k_b,dpgmm
4,0.8465161323547363,-4.041724312614789,50.0,PBMC_1k_b,dpgmm
5,1.267275333404541,-3.996727813434055,50.0,PBMC_1k_b,dpgmm
6,0.6995992660522461,-4.007786680958331,50.0,PBMC_1k_b,dpgmm
7,0.7925460338592529,-4.049556668208995,50.0,PBMC_1k_b,dpgmm
8,1.1173601150512695,-4.00238851229009,50.0,PBMC_1k_b,dpgmm
9,0.8585078716278076,-4.02573409179672,50.0,PBMC_1k_b,dpgmm
0,19.135042667388916,-3.039977922112491,13.0,PBMC_2k,CITE-sort
1,17.3620707988739,-3.838225569154643,13.0,PBMC_2k,CITE-sort
2,19.087072610855103,-3.3607753391316337,12.0,PBMC_2k,CITE-sort
3,18.724289417266846,-3.356040836253083,12.0,PBMC_2k,CITE-sort
4,18.1196346282959,-3.349418687088477,12.0,PBMC_2k,CITE-sort
5,18.74930214881897,-3.193732731984007,13.0,PBMC_2k,CITE-sort
6,16.743402242660522,-4.008552378859202,12.0,PBMC_2k,CITE-sort
7,18.80124521255493,-3.184140139622323,13.0,PBMC_2k,CITE-sort
8,19.01911997795105,-3.3504575966091403,12.0,PBMC_2k,CITE-sort
9,19.966576099395752,-3.1847493044634674,13.0,PBMC_2k,CITE-sort
0,22.255257844924927,-4.305043135400915,11.0,PBMC_2k,GMM
1,20.33034920692444,-4.304050243172198,11.0,PBMC_2k,GMM
2,20.554229974746704,-4.533803215260254,9.0,PBMC_2k,GMM
3,22.419154405593872,-4.42924593580085,11.0,PBMC_2k,GMM
4,21.91244387626648,-4.9055623093266565,7.0,PBMC_2k,GMM
5,21.474693298339844,-4.38432892944463,11.0,PBMC_2k,GMM
6,22.620038270950317,-4.254110055313111,11.0,PBMC_2k,GMM
7,21.389756202697754,-4.388461844683266,10.0,PBMC_2k,GMM
8,22.062358617782593,-4.534595518289228,10.0,PBMC_2k,GMM
9,20.67216420173645,-4.196493224579602,11.0,PBMC_2k,GMM
0,0.06296348571777344,-4.183532801379574,13.0,PBMC_2k,GMM_fixk
1,0.09994292259216309,-4.017509471280552,13.0,PBMC_2k,GMM_fixk
2,0.09394574165344238,-4.31464758998454,12.0,PBMC_2k,GMM_fixk
3,0.09194636344909668,-4.13375789931093,12.0,PBMC_2k,GMM_fixk
4,0.17489886283874512,-4.141008950409885,12.0,PBMC_2k,GMM_fixk
5,0.06496405601501465,-4.071073186506558,13.0,PBMC_2k,GMM_fixk
6,0.08295249938964844,-4.157396516272058,12.0,PBMC_2k,GMM_fixk
7,0.09694290161132812,-4.306028816385136,13.0,PBMC_2k,GMM_fixk
8,0.11393475532531738,-4.153402297840144,12.0,PBMC_2k,GMM_fixk
9,0.11994051933288574,-4.159316942750561,13.0,PBMC_2k,GMM_fixk
0,4.954163312911987,-4.56337892325203,30.0,PBMC_2k,nGMM
1,4.922183036804199,-4.277406133166951,36.0,PBMC_2k,nGMM
2,4.849223375320435,-4.564568888372911,31.0,PBMC_2k,nGMM
3,4.615357398986816,-4.509464553316169,31.0,PBMC_2k,nGMM
4,4.847224473953247,-4.45675264736644,30.0,PBMC_2k,nGMM
5,4.723294734954834,-4.348757776747538,33.0,PBMC_2k,nGMM
6,4.740287780761719,-4.664607870752208,27.0,PBMC_2k,nGMM
7,4.55738091468811,-4.5980796898912475,31.0,PBMC_2k,nGMM
8,5.003134250640869,-4.2928258594938535,34.0,PBMC_2k,nGMM
9,4.799241542816162,-4.440630441784365,36.0,PBMC_2k,nGMM
0,0.03497719764709473,-5.9833291676446265,13.0,PBMC_2k,nGMM_fixk
1,0.02698540687561035,-6.003957870476196,13.0,PBMC_2k,nGMM_fixk
2,0.027983665466308594,-6.093630484174055,12.0,PBMC_2k,nGMM_fixk
3,0.03298163414001465,-6.004338077354764,12.0,PBMC_2k,nGMM_fixk
4,0.02498626708984375,-6.147670550662348,12.0,PBMC_2k,nGMM_fixk
5,0.06996989250183105,-5.7699411467960475,13.0,PBMC_2k,nGMM_fixk
6,0.034979820251464844,-6.0118061485416225,12.0,PBMC_2k,nGMM_fixk
7,0.021988630294799805,-6.014065281933787,13.0,PBMC_2k,nGMM_fixk
8,0.02298712730407715,-6.080352334919585,12.0,PBMC_2k,nGMM_fixk
9,0.027984619140625,-5.829470008860642,13.0,PBMC_2k,nGMM_fixk
0,0.7405760288238525,-4.154761130337304,50.0,PBMC_2k,dpgmm
1,0.6976006031036377,-4.095399727089786,50.0,PBMC_2k,dpgmm
2,0.722585916519165,-4.100913209694664,50.0,PBMC_2k,dpgmm
3,0.7875497341156006,-4.158746515696291,50.0,PBMC_2k,dpgmm
4,1.0024268627166748,-4.115404945244016,50.0,PBMC_2k,dpgmm
5,0.8954741954803467,-4.119898009291454,50.0,PBMC_2k,dpgmm
6,1.0593931674957275,-4.104017128919311,50.0,PBMC_2k,dpgmm
7,1.5970842838287354,-4.0937771166383365,50.0,PBMC_2k,dpgmm
8,0.5696749687194824,-4.096304595974938,50.0,PBMC_2k,dpgmm
9,0.6646206378936768,-4.11045295307734,50.0,PBMC_2k,dpgmm
0,114.97818398475647,-18.507600707601924,30.0,PBMC_5k,CITE-sort
1,112.17079138755798,-20.140833521518715,24.0,PBMC_5k,CITE-sort
2,118.43320631980896,-20.1687032085678,25.0,PBMC_5k,CITE-sort
3,108.78671073913574,-19.60266635400196,27.0,PBMC_5k,CITE-sort
4,112.15385246276855,-19.91097177461177,26.0,PBMC_5k,CITE-sort
5,104.8159863948822,-20.579059335247663,25.0,PBMC_5k,CITE-sort
6,129.31895780563354,-18.047981442496756,33.0,PBMC_5k,CITE-sort
7,121.13580322265625,-18.7037400372988,29.0,PBMC_5k,CITE-sort
8,110.68664026260376,-20.892593978353037,22.0,PBMC_5k,CITE-sort
9,109.54827690124512,-20.383111524145896,26.0,PBMC_5k,CITE-sort
0,211.32600045204163,-23.454350630966285,10.0,PBMC_5k,GMM
1,210.00974488258362,-23.054916710314494,10.0,PBMC_5k,GMM
2,215.26674675941467,-23.572181097836197,9.0,PBMC_5k,GMM
3,194.1368443965912,-24.363631408785547,9.0,PBMC_5k,GMM
4,212.23347163200378,-24.327461240101023,7.0,PBMC_5k,GMM
5,214.3302800655365,-24.32745953177523,7.0,PBMC_5k,GMM
6,211.78773593902588,-23.873551854916364,8.0,PBMC_5k,GMM
7,213.2189016342163,-22.46290853355792,11.0,PBMC_5k,GMM
8,203.1698772907257,-23.317866247583037,9.0,PBMC_5k,GMM
9,205.1005666255951,-26.363360699392683,6.0,PBMC_5k,GMM
0,5.1210691928863525,-19.4854647187879,30.0,PBMC_5k,GMM_fixk
1,3.6479127407073975,-20.752295899917097,24.0,PBMC_5k,GMM_fixk
2,4.176607847213745,-20.312525768964793,25.0,PBMC_5k,GMM_fixk
3,6.233431577682495,-20.262024172246882,27.0,PBMC_5k,GMM_fixk
4,5.7177252769470215,-20.31578796444344,26.0,PBMC_5k,GMM_fixk
5,4.098653793334961,-20.1200694101659,25.0,PBMC_5k,GMM_fixk
6,6.036544322967529,-19.28314747254952,33.0,PBMC_5k,GMM_fixk
7,4.6363441944122314,-20.369931181472886,29.0,PBMC_5k,GMM_fixk
8,3.9037649631500244,-20.91871447452352,22.0,PBMC_5k,GMM_fixk
9,3.270127058029175,-20.971680742345054,26.0,PBMC_5k,GMM_fixk
0,25.154587030410767,-23.45307846766253,45.0,PBMC_5k,nGMM
1,27.146455764770508,-23.183804631992455,48.0,PBMC_5k,nGMM
2,22.942864418029785,-23.561227156902333,47.0,PBMC_5k,nGMM
3,24.96070146560669,-23.065355294909185,48.0,PBMC_5k,nGMM
4,23.56050968170166,-23.316521817329175,50.0,PBMC_5k,nGMM
5,25.249542474746704,-23.05478727667191,50.0,PBMC_5k,nGMM
6,24.98569369316101,-23.347849308051337,44.0,PBMC_5k,nGMM
7,23.13675308227539,-23.305425238489914,49.0,PBMC_5k,nGMM
8,21.95742917060852,-24.176815345583663,38.0,PBMC_5k,nGMM
9,23.830355167388916,-23.248454154840363,48.0,PBMC_5k,nGMM
0,0.5936610698699951,-24.652414093913112,30.0,PBMC_5k,nGMM_fixk
1,0.4087660312652588,-25.39239092081412,24.0,PBMC_5k,nGMM_fixk
2,0.4007716178894043,-25.469402508908196,25.0,PBMC_5k,nGMM_fixk
3,0.3987720012664795,-25.245510415722396,27.0,PBMC_5k,nGMM_fixk
4,0.5996565818786621,-25.328413319173446,26.0,PBMC_5k,nGMM_fixk
5,0.3507990837097168,-25.305626390488744,25.0,PBMC_5k,nGMM_fixk
6,0.5296971797943115,-24.678219937327306,33.0,PBMC_5k,nGMM_fixk
7,0.5896611213684082,-24.94437548448975,29.0,PBMC_5k,nGMM_fixk
8,0.23586344718933105,-25.515242501309615,22.0,PBMC_5k,nGMM_fixk
9,0.35979413986206055,-25.17855829387026,26.0,PBMC_5k,nGMM_fixk
0,28.763530015945435,-22.730742229489056,50.0,PBMC_5k,dpgmm
1,42.97938942909241,-22.637541038184285,50.0,PBMC_5k,dpgmm
2,17.364058017730713,-22.767235365076285,50.0,PBMC_5k,dpgmm
3,16.866344213485718,-22.87149997712949,50.0,PBMC_5k,dpgmm
4,15.228280782699585,-22.635595389698874,50.0,PBMC_5k,dpgmm
5,31.790797233581543,-22.657364518166947,50.0,PBMC_5k,dpgmm
6,17.372053384780884,-22.704211114881595,50.0,PBMC_5k,dpgmm
7,14.91546082496643,-22.65279666789171,50.0,PBMC_5k,dpgmm
8,38.50095534324646,-22.687663246028038,50.0,PBMC_5k,dpgmm
9,21.965423107147217,-22.618340821480327,50.0,PBMC_5k,dpgmm
0,107.70734000205994,-10.630034855679904,32.0,PBMC_8k,CITE-sort
1,104.77302098274231,-10.779157598548627,30.0,PBMC_8k,CITE-sort
2,102.81413292884827,-10.731528850104391,31.0,PBMC_8k,CITE-sort
3,97.51817464828491,-10.95221067864014,28.0,PBMC_8k,CITE-sort
4,104.70505881309509,-10.644467718087931,32.0,PBMC_8k,CITE-sort
5,101.70977544784546,-10.779783029296437,30.0,PBMC_8k,CITE-sort
6,103.72061419487,-10.677899612997283,31.0,PBMC_8k,CITE-sort
7,99.14624118804932,-10.731528850104391,31.0,PBMC_8k,CITE-sort
8,100.68646454811096,-10.636410030908806,32.0,PBMC_8k,CITE-sort
9,101.97961044311523,-10.775643442866567,30.0,PBMC_8k,CITE-sort
0,150.70470070838928,-12.67843340228169,15.0,PBMC_8k,GMM
1,154.03279638290405,-12.913352643743446,13.0,PBMC_8k,GMM
2,149.3135085105896,-12.829395836729475,14.0,PBMC_8k,GMM
3,153.33319759368896,-13.018263989717305,13.0,PBMC_8k,GMM
4,166.12588119506836,-12.653060691652987,15.0,PBMC_8k,GMM
5,156.92513966560364,-12.848781057466264,14.0,PBMC_8k,GMM
6,151.6311810016632,-12.641724530158609,16.0,PBMC_8k,GMM
7,149.8801727294922,-12.915539484541302,14.0,PBMC_8k,GMM
8,152.36875820159912,-12.547906030609802,17.0,PBMC_8k,GMM
9,159.12189269065857,-12.613771250927476,16.0,PBMC_8k,GMM
0,3.632920026779175,-11.889442365173966,32.0,PBMC_8k,GMM_fixk
1,2.9373178482055664,-11.976433486487593,30.0,PBMC_8k,GMM_fixk
2,3.503993511199951,-11.896689684489052,31.0,PBMC_8k,GMM_fixk
3,2.3806371688842773,-12.045370890493576,28.0,PBMC_8k,GMM_fixk
4,4.423468589782715,-11.858538382211858,32.0,PBMC_8k,GMM_fixk
5,2.940316677093506,-11.946873896980716,30.0,PBMC_8k,GMM_fixk
6,4.510417461395264,-11.913008586845843,31.0,PBMC_8k,GMM_fixk
7,4.011703968048096,-11.887681569730864,31.0,PBMC_8k,GMM_fixk
8,4.2235822677612305,-11.863128233722959,32.0,PBMC_8k,GMM_fixk
9,3.6099324226379395,-11.9449885106109,30.0,PBMC_8k,GMM_fixk
0,24.473987102508545,-13.257029056715261,48.0,PBMC_8k,nGMM
1,24.23612380027771,-13.248785835689983,50.0,PBMC_8k,nGMM
2,23.25368595123291,-13.361189414486198,47.0,PBMC_8k,nGMM
3,24.1181902885437,-13.269971941994285,50.0,PBMC_8k,nGMM
4,23.40259838104248,-13.343187852332242,46.0,PBMC_8k,nGMM
5,24.961705923080444,-13.205067487524545,50.0,PBMC_8k,nGMM
6,25.16559147834778,-13.23389395749099,49.0,PBMC_8k,nGMM
7,23.77938461303711,-13.264781680716615,50.0,PBMC_8k,nGMM
8,23.51953411102295,-13.2131171601585,50.0,PBMC_8k,nGMM
9,23.450572729110718,-13.276658640933295,49.0,PBMC_8k,nGMM
0,0.471729040145874,-13.881171859596767,32.0,PBMC_8k,nGMM_fixk
1,0.7545680999755859,-13.948365559776445,30.0,PBMC_8k,nGMM_fixk
2,0.4767270088195801,-13.99342604286498,31.0,PBMC_8k,nGMM_fixk
3,0.6516270637512207,-14.070899084715712,28.0,PBMC_8k,nGMM_fixk
4,0.4997129440307617,-13.848630499522454,32.0,PBMC_8k,nGMM_fixk
5,0.548687219619751,-13.917406030558176,30.0,PBMC_8k,nGMM_fixk
6,0.519702672958374,-13.95738399383949,31.0,PBMC_8k,nGMM_fixk
7,0.5456867218017578,-14.07034839948307,31.0,PBMC_8k,nGMM_fixk
8,0.4397470951080322,-13.899285897252645,32.0,PBMC_8k,nGMM_fixk
9,0.4247574806213379,-14.03919632385835,30.0,PBMC_8k,nGMM_fixk
0,36.233253717422485,-12.107852092857222,50.0,PBMC_8k,dpgmm
1,30.52152371406555,-12.123206747355963,50.0,PBMC_8k,dpgmm
2,32.488396883010864,-12.097017001280479,50.0,PBMC_8k,dpgmm
3,27.36733055114746,-12.106176005176184,50.0,PBMC_8k,dpgmm
4,64.03633379936218,-12.105459632889083,50.0,PBMC_8k,dpgmm
5,25.79922842979431,-12.09453672839614,50.0,PBMC_8k,dpgmm
6,47.8176212310791,-12.076773396014579,50.0,PBMC_8k,dpgmm
7,20.216424465179443,-12.086241998093666,50.0,PBMC_8k,dpgmm
8,53.82618069648743,-12.112368588880203,50.0,PBMC_8k,dpgmm
9,26.560791969299316,-12.083497305149283,50.0,PBMC_8k,dpgmm
0,104.09340858459473,-9.964740682097846,16.0,MALT_8k,CITE-sort
1,90.37426471710205,-10.519119375728287,12.0,MALT_8k,CITE-sort
2,106.49103569984436,-10.02847883660573,15.0,MALT_8k,CITE-sort
3,101.72176790237427,-9.965077840276498,16.0,MALT_8k,CITE-sort
4,87.93864917755127,-10.519119375728287,12.0,MALT_8k,CITE-sort
5,94.86282300949097,-10.334480564516857,14.0,MALT_8k,CITE-sort
6,91.9593575000763,-10.334480564516857,14.0,MALT_8k,CITE-sort
7,98.18778967857361,-9.964740682097846,16.0,MALT_8k,CITE-sort
8,104.2493200302124,-9.964740682097846,16.0,MALT_8k,CITE-sort
9,99.52801489830017,-10.149379493309278,14.0,MALT_8k,CITE-sort
0,162.16115069389343,-10.78066231422725,12.0,MALT_8k,GMM
1,158.64816308021545,-11.21033384197538,9.0,MALT_8k,GMM
2,172.3073332309723,-10.878094176531889,12.0,MALT_8k,GMM
3,160.98681473731995,-10.719243317607775,13.0,MALT_8k,GMM
4,165.07948184013367,-10.851954988736965,11.0,MALT_8k,GMM
5,164.23995232582092,-11.03250866619702,11.0,MALT_8k,GMM
6,156.05663537979126,-10.84594605238231,12.0,MALT_8k,GMM
7,166.68856000900269,-10.871247623058528,11.0,MALT_8k,GMM
8,159.71054553985596,-11.03118670656651,10.0,MALT_8k,GMM
9,160.99881625175476,-10.983021426242125,10.0,MALT_8k,GMM
0,1.252284049987793,-10.664905043752391,16.0,MALT_8k,GMM_fixk
1,1.3892052173614502,-10.845855560036672,12.0,MALT_8k,GMM_fixk
2,1.602081537246704,-10.66361543142215,15.0,MALT_8k,GMM_fixk
3,1.984863519668579,-10.616611113282252,16.0,MALT_8k,GMM_fixk
4,1.2582783699035645,-10.817374274546374,12.0,MALT_8k,GMM_fixk
5,2.392629861831665,-10.643494736654336,14.0,MALT_8k,GMM_fixk
6,2.1727559566497803,-10.628945033757466,14.0,MALT_8k,GMM_fixk
7,1.6800284385681152,-10.573609392280927,16.0,MALT_8k,GMM_fixk
8,2.473573923110962,-10.587864387007873,16.0,MALT_8k,GMM_fixk
9,1.652052879333496,-10.646049674875046,14.0,MALT_8k,GMM_fixk
0,32.25153422355652,-11.17962721969968,49.0,MALT_8k,nGMM
1,31.582916736602783,-11.20487390143217,50.0,MALT_8k,nGMM
2,32.2605299949646,-11.170188239143851,49.0,MALT_8k,nGMM
3,31.862756490707397,-11.183292293735285,48.0,MALT_8k,nGMM
4,31.8977370262146,-11.234650526891373,48.0,MALT_8k,nGMM
5,33.487815856933594,-11.301479520501074,45.0,MALT_8k,nGMM
6,30.58048915863037,-11.214989136550269,50.0,MALT_8k,nGMM
7,32.620323181152344,-11.195152031158566,48.0,MALT_8k,nGMM
8,33.890594482421875,-11.174076335338153,49.0,MALT_8k,nGMM
9,33.67072105407715,-11.294354727575243,44.0,MALT_8k,nGMM
0,0.33580660820007324,-12.582591731579186,16.0,MALT_8k,nGMM_fixk
1,0.2268695831298828,-13.164387624746238,12.0,MALT_8k,nGMM_fixk
2,0.2488558292388916,-12.725037790760195,15.0,MALT_8k,nGMM_fixk
3,0.2548534870147705,-12.613755613304862,16.0,MALT_8k,nGMM_fixk
4,0.11993145942687988,-13.399302772496565,12.0,MALT_8k,nGMM_fixk
5,0.13193511962890625,-12.917129308349562,14.0,MALT_8k,nGMM_fixk
6,0.19788742065429688,-12.802236991102422,14.0,MALT_8k,nGMM_fixk
7,0.3148186206817627,-12.607639773411858,16.0,MALT_8k,nGMM_fixk
8,0.25785279273986816,-12.61815087537536,16.0,MALT_8k,nGMM_fixk
9,0.22188377380371094,-12.836320077438216,14.0,MALT_8k,nGMM_fixk
0,49.70354175567627,-10.339389581778589,50.0,MALT_8k,dpgmm
1,59.39699029922485,-10.312004086512436,50.0,MALT_8k,dpgmm
2,48.110453844070435,-10.287859167423095,50.0,MALT_8k,dpgmm
3,39.88716220855713,-10.342858734870253,50.0,MALT_8k,dpgmm
4,82.59071135520935,-10.313174194319487,50.0,MALT_8k,dpgmm
5,48.4212646484375,-10.339740513621718,50.0,MALT_8k,dpgmm
6,53.693257331848145,-10.305461754565231,50.0,MALT_8k,dpgmm
7,67.16954040527344,-10.326394833530733,50.0,MALT_8k,dpgmm
8,77.51761603355408,-10.320139729879017,50.0,MALT_8k,dpgmm
9,49.45867133140564,-10.298376990321723,50.0,MALT_8k,dpgmm
0,82.48777031898499,-4.970225496294415,14.0,CBMC_8k,CITE-sort
1,84.576584815979,-4.925015700588989,15.0,CBMC_8k,CITE-sort
2,85.64297437667847,-4.970225496294415,14.0,CBMC_8k,CITE-sort
3,85.82585883140564,-4.970225496294415,14.0,CBMC_8k,CITE-sort
4,88.71920251846313,-4.822622999413,15.0,CBMC_8k,CITE-sort
5,85.5120496749878,-4.970225496294415,14.0,CBMC_8k,CITE-sort
6,84.42366147041321,-4.970225496294415,14.0,CBMC_8k,CITE-sort
7,83.03945541381836,-4.970225496294415,14.0,CBMC_8k,CITE-sort
8,84.73048639297485,-4.970225496294415,14.0,CBMC_8k,CITE-sort
9,89.86754655838013,-4.774042780518445,16.0,CBMC_8k,CITE-sort
0,60.67326259613037,-5.338610559049961,14.0,CBMC_8k,GMM
1,62.55017423629761,-5.327642232587172,14.0,CBMC_8k,GMM
2,59.244077920913696,-5.221029908669777,16.0,CBMC_8k,GMM
3,61.91255235671997,-5.19289199869492,17.0,CBMC_8k,GMM
4,59.807756185531616,-5.378078059387416,14.0,CBMC_8k,GMM
5,62.438249826431274,-5.324600227554156,15.0,CBMC_8k,GMM
6,59.465951919555664,-5.257326024047886,16.0,CBMC_8k,GMM
7,62.204383850097656,-5.384429447050616,13.0,CBMC_8k,GMM
8,59.13414263725281,-5.303643582809363,15.0,CBMC_8k,GMM
9,58.410555601119995,-5.359907671418008,14.0,CBMC_8k,GMM
0,0.4987154006958008,-5.318481191595465,14.0,CBMC_8k,GMM_fixk
1,0.780552864074707,-5.28135052374074,15.0,CBMC_8k,GMM_fixk
2,0.41576290130615234,-5.384607513553807,14.0,CBMC_8k,GMM_fixk
3,0.40477871894836426,-5.376723987110303,14.0,CBMC_8k,GMM_fixk
4,0.44574522972106934,-5.308714250487742,15.0,CBMC_8k,GMM_fixk
5,0.30182743072509766,-5.3898127309971,14.0,CBMC_8k,GMM_fixk
6,0.560678243637085,-5.353808478549749,14.0,CBMC_8k,GMM_fixk
7,0.5047101974487305,-5.346889684520823,14.0,CBMC_8k,GMM_fixk
8,0.4087657928466797,-5.338011181859372,14.0,CBMC_8k,GMM_fixk
9,0.5027120113372803,-5.248688020174258,16.0,CBMC_8k,GMM_fixk
0,24.397029638290405,-6.2279743860146715,50.0,CBMC_8k,nGMM
1,24.86376404762268,-6.286328829454328,49.0,CBMC_8k,nGMM
2,24.761822938919067,-6.304667013372216,49.0,CBMC_8k,nGMM
3,26.78266477584839,-6.293575089003526,50.0,CBMC_8k,nGMM
4,25.76124930381775,-6.32647488892547,47.0,CBMC_8k,nGMM
5,24.554939031600952,-6.229492287427068,50.0,CBMC_8k,nGMM
6,23.87632966041565,-6.279360804260311,50.0,CBMC_8k,nGMM
7,23.980270862579346,-6.328715170276957,48.0,CBMC_8k,nGMM
8,26.58477783203125,-6.257984565811174,50.0,CBMC_8k,nGMM
9,25.429440021514893,-6.270241702230268,49.0,CBMC_8k,nGMM
0,0.11693239212036133,-8.38443259883629,14.0,CBMC_8k,nGMM_fixk
1,0.11793279647827148,-8.39593961250455,15.0,CBMC_8k,nGMM_fixk
2,0.08295154571533203,-8.38986093480687,14.0,CBMC_8k,nGMM_fixk
3,0.12292909622192383,-8.482321174496342,14.0,CBMC_8k,nGMM_fixk
4,0.16690397262573242,-8.222030381194092,15.0,CBMC_8k,nGMM_fixk
5,0.10094189643859863,-8.373626097978223,14.0,CBMC_8k,nGMM_fixk
6,0.08994841575622559,-8.400707110006236,14.0,CBMC_8k,nGMM_fixk
7,0.10893726348876953,-8.369739140656122,14.0,CBMC_8k,nGMM_fixk
8,0.12592792510986328,-8.583404484295043,14.0,CBMC_8k,nGMM_fixk
9,0.24486041069030762,-8.17223767640293,16.0,CBMC_8k,nGMM_fixk
0,26.914589881896973,-4.837041146685309,50.0,CBMC_8k,dpgmm
1,17.987701177597046,-4.825254321767748,50.0,CBMC_8k,dpgmm
2,30.537515878677368,-4.812883948532638,50.0,CBMC_8k,dpgmm
3,16.31166124343872,-4.8260832952804265,50.0,CBMC_8k,dpgmm
4,19.667738914489746,-4.827847765340304,50.0,CBMC_8k,dpgmm
5,14.024969577789307,-4.818149091948307,50.0,CBMC_8k,dpgmm
6,21.808513402938843,-4.827393844981892,50.0,CBMC_8k,dpgmm
7,21.315794706344604,-4.826081350901387,50.0,CBMC_8k,dpgmm
8,34.81006860733032,-4.827883090808033,50.0,CBMC_8k,dpgmm
9,34.777087926864624,-4.800197197416694,50.0,CBMC_8k,dpgmm
0,131.48872256278992,-4.824296845335957,25.0,PBMC_16k,CITE-sort
1,134.248144865036,-5.170327640657248,23.0,PBMC_16k,CITE-sort
2,153.29023241996765,-4.622667569567744,27.0,PBMC_16k,CITE-sort
3,148.85877871513367,-4.714098794409115,25.0,PBMC_16k,CITE-sort
4,138.88249158859253,-5.248031352743899,21.0,PBMC_16k,CITE-sort
5,151.88603711128235,-4.628945027215183,28.0,PBMC_16k,CITE-sort
6,155.8997368812561,-4.601722116091284,28.0,PBMC_16k,CITE-sort
7,139.5650990009308,-4.810842836864783,25.0,PBMC_16k,CITE-sort
8,138.50376057624817,-4.8428604057279685,25.0,PBMC_16k,CITE-sort
9,153.2203996181488,-4.5555910214670465,28.0,PBMC_16k,CITE-sort
0,151.23140001296997,-6.151465680535652,26.0,PBMC_16k,GMM
1,142.63832092285156,-6.177100083396359,25.0,PBMC_16k,GMM
2,138.85249733924866,-6.231229949495253,22.0,PBMC_16k,GMM
3,144.43529105186462,-6.21842403857333,22.0,PBMC_16k,GMM
4,146.25425124168396,-6.271936250794268,21.0,PBMC_16k,GMM
5,152.47869396209717,-6.185376585620828,25.0,PBMC_16k,GMM
6,146.16531109809875,-6.2142301946581515,23.0,PBMC_16k,GMM
7,146.71299743652344,-6.292184652989888,20.0,PBMC_16k,GMM
8,149.17957639694214,-6.217817180692061,23.0,PBMC_16k,GMM
9,153.0943329334259,-6.2561118327358685,22.0,PBMC_16k,GMM
0,3.302109956741333,-6.167149522908562,25.0,PBMC_16k,GMM_fixk
1,2.8083910942077637,-6.227611206044761,23.0,PBMC_16k,GMM_fixk
2,3.3340916633605957,-6.130149880123634,27.0,PBMC_16k,GMM_fixk
3,2.936318874359131,-6.170888958309285,25.0,PBMC_16k,GMM_fixk
4,2.600506067276001,-6.253061840300715,21.0,PBMC_16k,GMM_fixk
5,4.07366681098938,-6.1187655429051775,28.0,PBMC_16k,GMM_fixk
6,3.296112537384033,-6.139985798808145,28.0,PBMC_16k,GMM_fixk
7,2.9353177547454834,-6.185204323654343,25.0,PBMC_16k,GMM_fixk
8,2.7274365425109863,-6.168232315138406,25.0,PBMC_16k,GMM_fixk
9,3.511990785598755,-6.123503587453922,28.0,PBMC_16k,GMM_fixk
0,38.71083426475525,-6.379849891641167,48.0,PBMC_16k,nGMM
1,38.449986696243286,-6.376821446147685,49.0,PBMC_16k,nGMM
2,38.604896068573,-6.40737439570078,48.0,PBMC_16k,nGMM
3,38.98268151283264,-6.352696487397852,49.0,PBMC_16k,nGMM
4,38.36903095245361,-6.3716690156441835,50.0,PBMC_16k,nGMM
5,38.76480484008789,-6.364510993512695,50.0,PBMC_16k,nGMM
6,39.50738000869751,-6.354521920871351,49.0,PBMC_16k,nGMM
7,38.842759132385254,-6.369662674404592,48.0,PBMC_16k,nGMM
8,38.83576488494873,-6.423211994218609,45.0,PBMC_16k,nGMM
9,38.5829074382782,-6.3840953086766286,47.0,PBMC_16k,nGMM
0,0.6576240062713623,-6.785083664655333,25.0,PBMC_16k,nGMM_fixk
1,0.5037086009979248,-6.8704074699934905,23.0,PBMC_16k,nGMM_fixk
2,0.6106505393981934,-6.7397046065996005,27.0,PBMC_16k,nGMM_fixk
3,0.9654474258422852,-6.769382740398923,25.0,PBMC_16k,nGMM_fixk
4,0.4957153797149658,-6.941616866643075,21.0,PBMC_16k,nGMM_fixk
5,0.8255264759063721,-6.7202072370311505,28.0,PBMC_16k,nGMM_fixk
6,0.8914902210235596,-6.734181354395366,28.0,PBMC_16k,nGMM_fixk
7,0.6896049976348877,-6.8174893307630136,25.0,PBMC_16k,nGMM_fixk
8,0.8914885520935059,-6.800764054821048,25.0,PBMC_16k,nGMM_fixk
9,0.7515683174133301,-6.703480739455203,28.0,PBMC_16k,nGMM_fixk
0,108.17206335067749,-6.048718855431777,50.0,PBMC_16k,dpgmm
1,109.62023544311523,-6.047686785818196,50.0,PBMC_16k,dpgmm
2,85.39810633659363,-6.048645567224814,50.0,PBMC_16k,dpgmm
3,80.45993161201477,-6.049458774154263,50.0,PBMC_16k,dpgmm
4,63.30175542831421,-6.049415431938901,50.0,PBMC_16k,dpgmm
5,86.23262572288513,-6.037890865010017,50.0,PBMC_16k,dpgmm
6,98.0288712978363,-6.051989896080837,50.0,PBMC_16k,dpgmm
7,94.77173709869385,-6.053023460720795,50.0,PBMC_16k,dpgmm
8,59.19510841369629,-6.0452716926611085,50.0,PBMC_16k,dpgmm
9,78.02951526641846,-6.039499627171305,50.0,PBMC_16k,dpgmm
